{
  "mtx": [
    [
      379.0955952245124,
      0.0,
      434.56206642062335
    ],
    [
      0.0,
      383.2903514606497,
      244.17775200465474
    ],
    [
      0.0,
      0.0,
      1.0
    ]
  ],
  "dist": [
    [
      -0.0012769403618503605,
      0.015325029828518483,
      0.0,
      0.0,
      0.0
    ]
  ],
  "train_error": 0.5733651065702288,
  "valid_error": 0.9713265387290215,
  "validation_passed": false
}